time,temperature
notatime,alsonotanumber
notatime,alsonotanumber
notatime,alsonotanumber
notatime,alsonotanumber
notatime,alsonotanumber
notatime,alsonotanumber
notatime,alsonotanumber
notatime,alsonotanumber
notatime,alsonotanumber
notatime,alsonotanumber
notatime,alsonotanumber
notatime,alsonotanumber
notatime,alsonotanumber
notatime,alsonotanumber
notatime,alsonotanumber
notatime,alsonotanumber
notatime,alsonotanumber
notatime,alsonotanumber
notatime,alsonotanumber
notatime,alsonotanumber
notatime,alsonotanumber
notatime,alsonotanumber
notatime,alsonotanumber
notatime,alsonotanumber
notatime,alsonotanumber
notatime,alsonotanumber
notatime,alsonotanumber
notatime,alsonotanumber
notatime,alsonotanumber
notatime,alsonotanumber
